MRN,First_Name,Last_Name,Birth_Date,Gender,Race_Ethnicity,Dx_Date,Dx_IC50,Treatment_Date,Treatment,Response,Cytogenetics,BM_Blast_Percent,Platelets,WBCs,TP53 Mutation,TP53 Specific,ASXL1 Mutation,ASXL1 Specific,Insurance,Insurance_ID
118856,Adrian,Gray,5/21/1958,M,W,9/17/2011,C92.0,6/16/2016,decitabine,responder,Very Good,86.41951021,54.33636946,170.4594139,1,655G>A,0,,Aetna,40172268
119937,Adrian,Buckland,8/18/1935,M,W,2/15/2012,C92.0,9/28/2016,decitabine,non-responder,Good,79.22338924,22.90216762,145.6620143,yes,682C>G,no,,Anthem,35592709
165985,Amy,Sharp,8/19/1939,F,W,12/11/2011,C92.0,6/8/2016,azacitidine,responder,Very Poor,63.91865643,48.8708472,30.95296389,0,,1,3219G>A,BCBS,76559379
169780,Charles,Black,12/15/1962,M,W,6/22/2011,C92.0,5/3/2016,aza,responder,Poor,82.41476126,53.16738308,166.5623942,0,,0,,Aetna,49345717
195107,Julian,Lambert,6/26/1944,M,O,5/3/2010,C92.0,12/25/2016,azacitidine,responder,Poor,68.21253774,40.62027456,59.54709498,0,,0,,BCBS,66214099
229024,Rose,Ellison,1/1/1972,F,W,10/31/2010,C92.0,9/12/2016,azacitidine,responder,Intermediate,67.09276257,missing,missing,0,,1,1868T>A,Cigna,30638365
296398,Benjamin,Avery,10/2/1940,M,H,6/11/2010,C92.0,3/19/2016,decitabine,non-responder,Intermediate,81.5205202,25.82912396,86.31587963,1,513G>T,0,,BCBS,89784644
398654,Ella,Underwood,11/30/1932,F,W,6/1/2011,C92.0,1/8/2017,azacitidine,non-responder,Very Poor,72.7757768,50.79607041,196.885798,0,,1,3039C>T,Cigna,52112530
409993,Peter,Bailey,9/30/1968,M,W,2/11/2011,C92.0,1/13/2016,DAC,responder,Poor,80.19872663,51.5125825,98.2511843,0,,0,,Cigna,18566680
418730,Rose,Hart,9/27/1952,F,W,12/15/2014,C92.0,9/1/2016,vorinostat,non-responder,Good,89.547814,30.36125218,61.00519141,0,,1,3955A>T,Anthem,24633470
496831,Isaac,Miller,3/24/1979,M,W,1/17/2010,C92.0,2/16/2016,azacitidine,non-responder,Very Poor,61.24362408,38.44897163,108.9769713,1,575A>G,0,,Anthem,51594842
501348,Ella,Chapman,4/18/1970,F,W,10/6/2012,C92.0,11/7/2016,DAC,non-responder,Very Good,86.68781366,56.53674881,175.1866572,0,,0,,BCBS,47822955
509995,Jacob,Hart,8/20/1977,M,W,10/19/2011,C92.0,1/30/2017,azacitidine,non-responder,Very Good,86.46712111,35.67276824,1.596163874,1,895T>C,0,,Aetna,69626626
515746,Kimberly,Langdon,5/26/1965,F,W,9/26/2010,C92.0,3/10/2016,decitabine,responder,Very Good,68.63439183,32.43125482,44.5974914,0,,1,3272A>G,BCBS,10767476
546856,Hannah,Watson,12/23/1966,F,W,1/24/2013,C92.0,12/9/2016,vorinostat,responder,Very Poor,83.47778556,61.78853356,52.12046808,no,,no,,Cigna,20997568
556639,Peter,Baker,1/3/1969,M,W,5/2/2012,C92.0,3/13/2016,decitabine,responder,Good,63.32658496,missing,missing,0,,0,,Anthem,42613902
559495,Brandon,Randall,1/1/1935,M,W,12/20/2012,C92.0,6/24/2016,azacitidine,non-responder,Poor,76.34447027,35.04166975,3.676486375,1,564T>G,1,2280T>C,Cigna,34108680
577920,Christian,Cameron,4/29/1978,M,W,6/12/2013,C92.0,12/13/2016,decitabine,non-responder,Very Poor,72.85039807,20.2017612,41.23382329,yes,340G>A,no,,Anthem,91247653
589061,Gavin,Kelly,9/3/1955,M,W,3/27/2011,C92.0,12/16/2016,azacitidine,responder,Good,66.3721738,59.2121981,24.67124891,yes,735G>T,yes,3920G>T,BCBS,34336502
601988,Luke,Lee,3/28/1951,M,W,4/3/2011,C92.0,1/18/2017,decitabine,non-responder,Good,74.3092298,5.08436968,53.9843104,1,281C>A,0,,BCBS,20252358
632965,Christian,King,12/27/1945,M,W,10/8/2012,C92.0,1/14/2017,azacitidine,non-responder,Poor,84.24948057,58.06276492,87.07806369,1,473C>G,0,,Anthem,74742560
648037,Thomas,Gray,6/22/1933,M,W,8/18/2013,C92.0,10/10/2016,decitabine,responder,Good,71.5548638,61.19847629,38.01661486,0,,0,,Anthem,29769276
658807,Michelle,Lawrence,3/5/1936,F,H,10/24/2012,C92.0,1/4/2016,azacitidine,non-responder,Good,69.7017735,12.67321671,159.8422273,1,383C>T,0,,Aetna,58970372
680337,Natalie,Davies,8/22/1940,F,W,4/12/2012,C92.0,4/26/2016,vorinostat,non-responder,Very Poor,65.78085631,36.73625302,194.6521365,1,960C>G,0,,BCBS,89824187
704111,Bernadette,Greene,4/13/1972,F,W,10/20/2012,C92.0,3/25/2016,azacitidine,responder,Good,61.46125095,29.60826479,81.35006742,0,,0,,Aetna,73161320
707745,Felicity,Blake,9/19/1960,F,W,11/3/2013,C92.0,8/22/2016,decitabine,responder,Good,74.04848254,54.09922904,48.97499721,1,693G>C,1,3617C>G,Cigna,84650228
769440,Owen,Avery,8/8/1975,M,W,4/7/2010,C92.0,4/22/2016,vorinostat,non-responder,Intermediate,62.80272979,60.29859166,100.8382603,0,,0,,Cigna,66046580
771461,Diane,Hamilton,4/28/1948,F,W,7/21/2010,C92.0,10/30/2016,vorinostat,non-responder,Poor,69.05352673,61.81310874,159.1149451,1,919G>A,1,3762A>T,Anthem,36678899
814619,Bella,Buckland,8/17/1951,F,H,7/19/2012,C92.0,3/17/2016,decitabine,non-responder,Very Good,87.5822905,48.79301398,25.52650311,0,,0,,BCBS,28822473
829803,Dorothy,Fraser,1/7/1978,F,W,11/10/2013,C92.0,3/8/2016,vorinostat,non-responder,Good,87.31697831,30.36341354,71.73328476,1,931A>T,0,,Cigna,74828504
837492,Katherine,Stewart,1/29/1966,F,W,2/20/2014,C92.0,4/17/2016,decitabine,non-responder,Intermediate,73.49622058,19.71551887,166.710138,1,939T>G,0,,BCBS,73963426
844423,Colin,Berry,6/7/1936,M,W,8/15/2010,C92.0,10/24/2016,decitabine,non-responder,Intermediate,80.43139848,17.12896412,95.23887081,1,785C>A,0,,Anthem,20094955
855941,Elizabeth,Quinn,3/4/1968,F,W,5/14/2012,C92.0,4/2/2016,azacitidine,responder,Very Poor,74.06776846,29.54666993,48.7317113,0,,1,3680T>G,BCBS,61445796
900104,Sonia,Johnston,10/28/1957,F,W,9/25/2014,C92.0,3/15/2017,azacitidine,responder,Intermediate,68.5479022,64.52490368,0.419112021,0,,0,,Cigna,99706216
965477,David,Taylor,1/23/1935,M,W,4/6/2011,C92.0,3/1/2016,vorinostat,responder,Poor,66.20297449,9.837018097,191.7699354,1,863T>G,0,,Cigna,68686277
978438,Oliver,Duncan,10/12/1961,M,W,1/19/2012,C92.0,1/16/2017,decitabine,non-responder,Very Poor,78.56828158,40.54043076,92.54305291,0,,0,,BCBS,37407489
980326,Colin,Piper,9/9/1950,M,W,6/10/2010,C92.0,2/27/2017,azacitidine,responder,Intermediate,69.69002539,44.58540156,5.262239186,0,,1,3385G>T,Aetna,47205269
987743,Anna,Nolan,10/23/1970,F,B,6/22/2010,C92.0,2/17/2017,decitabine,non-responder,Very Poor,81.86712603,7.532115081,11.71211107,1,858T>C,0,,Anthem,91176940
997578,Justin,McLean,11/7/1936,M,W,11/20/2013,C92.0,7/24/2016,vorinostat,non-responder,Very Poor,70.18888419,15.99244863,27.69229892,0,,0,,Cigna,60959600
110416,Penelope,Stewart,9/28/1931,F,W,7/8/2011,C93.1,7/15/2016,decitabine,responder,Intermediate,3.483076651,42.55689094,0.483207811,0,,0,,Aetna,89771647
116859,John,Avery,7/23/1950,M,H,5/26/2013,C93.1,1/24/2017,decitabine,responder,Good,18.54105774,21.89402604,57.76988655,1,700C>G,0,,Cigna,14591698
144195,Sally,Glover,11/29/1977,F,W,1/30/2014,C93.1,1/19/2017,vorinostat,non-responder,Poor,6.573252647,51.14686503,79.14306968,1,225T>C,0,,Aetna,82353240
146410,Carolyn,Mackenzie,4/10/1965,F,B,5/5/2010,C93.1,3/23/2016,decitabine,responder,Poor,7.637956487,58.40442846,158.8525892,0,,0,,Aetna,43101085
176286,Ruth,Forsyth,11/23/1956,F,W,4/21/2010,C93.1,1/30/2016,decitabine,responder,Intermediate,4.787511144,40.99994693,188.7309654,0,,0,,Anthem,41641048
185301,Amy,Paterson,10/31/1962,F,B,5/11/2014,C93.1,2/9/2016,azacitidine,non-responder,Intermediate,13.0487032,24.46747912,105.0152707,0,,0,,Cigna,20091514
190731,Julian,Harris,7/22/1941,M,W,3/31/2014,C93.1,1/7/2016,azacitidine,non-responder,Intermediate,14.92036977,60.06142628,98.0618543,1,668C>G,0,,Anthem,45571305
190896,Lauren,Hudson,12/18/1938,F,W,5/6/2010,C93.1,9/17/2016,decitabine,responder,Very Good,20.77198648,27.180141,69.62767281,no,,no,,BCBS,98428347
201657,Jessica,Abraham,11/16/1943,F,W,12/15/2013,C93.1,1/12/2017,vorinostat,non-responder,Poor,4.085054767,15.89355421,35.43662307,0,,0,,Aetna,19321695
234388,Ella,Clark,4/6/1967,F,W,5/30/2014,C93.1,12/13/2016,azacitidine,responder,Poor,8.641407989,44.89822792,106.338461,0,,0,,Anthem,80043428
272354,Faith,Welch,6/2/1979,F,W,3/18/2011,C93.1,3/1/2017,decitabine,non-responder,Poor,3.077102741,26.83622265,76.05814223,0,,0,,Cigna,86059460
301717,Robert,Lambert,10/21/1957,M,W,11/26/2013,C93.1,1/23/2017,decitabine,responder,Good,20.97169179,39.25478217,110.8672892,1,920C>G,0,,Aetna,48004498
310993,Jennifer,Hughes,11/17/1932,F,W,5/25/2013,C93.1,5/23/2016,azacitidine,non-responder,Poor,17.39316369,41.37155406,156.0844903,0,,0,,Anthem,57403452
311403,Gabrielle,Thomson,5/11/1943,F,W,12/18/2010,C93.1,9/18/2016,decitabine,non-responder,Very Poor,14.12324391,64.50174777,56.45373644,1,242G>A,0,,Cigna,47216271
360002,Luke,Miller,4/14/1958,M,W,3/7/2010,C93.1,5/29/2016,vorinostat,responder,Very Good,11.02040585,19.50076002,119.7903225,0,,0,,Aetna,54819339
389991,Frank,Graham,12/25/1970,M,H,6/18/2010,C93.1,4/23/2016,DAC,responder,Poor,11.91640401,57.31363814,146.4646231,0,,0,,Aetna,72835820
405689,Felicity,Chapman,9/13/1938,F,W,8/25/2011,C93.1,9/5/2016,azacitidine,responder,Very Poor,16.13224654,58.10802668,7.675786869,0,,1,1613T>A,BCBS,76181333
411285,Abigail,Vance,11/14/1966,F,W,2/1/2011,C93.1,11/26/2016,DAC,responder,Intermediate,5.035891834,57.98471495,16.62689213,0,,0,,Aetna,76740250
429737,Connor,James,4/23/1969,M,W,9/28/2013,C93.1,9/29/2016,vorinostat,responder,Very Poor,6.621356168,22.77589565,54.34028234,0,,1,3468A>C,BCBS,69920918
444413,Jan,Chapman,2/13/1951,F,W,10/14/2013,C93.1,1/9/2017,decitabine,responder,Very Poor,12.94401711,10.96547324,114.5236427,0,,0,,Aetna,14951150
464648,Nicholas,Ross,6/28/1943,M,W,7/31/2011,C93.1,10/10/2016,vorinostat,non-responder,Good,12.62349534,missing,missing,0,,0,,Aetna,94362119
479428,Amelia,Peake,3/17/1964,F,O,12/21/2012,C93.1,2/17/2016,vorinostat,non-responder,Very Poor,11.78876126,39.64605948,138.2975134,0,,1,3884C>A,Aetna,71775017
493843,Jacob,Blake,7/22/1975,M,W,1/17/2014,C93.1,11/2/2016,azacitidine,responder,Very Good,19.6229078,52.69873067,178.2399298,0,,0,,Anthem,75850034
505565,Gavin,Piper,1/13/1967,M,W,3/20/2010,C93.1,8/2/2016,azacitidine,non-responder,Intermediate,19.95923413,18.82172063,153.8348536,1,174C>G,1,3707C>G,Cigna,44742174
506710,Trevor,Tucker,6/25/1941,M,W,1/13/2013,C93.1,8/11/2016,vorinostat,responder,Very Good,16.94741393,53.998073,63.13806669,1,143T>C,0,,Anthem,70206094
516785,Carol,Butler,3/13/1978,F,W,10/28/2014,C93.1,12/23/2016,decitabine,non-responder,Very Good,7.817278419,25.11748047,32.05337387,0,,0,,Anthem,37112136
519982,Michelle,Rees,12/24/1937,F,H,12/17/2013,C93.1,10/22/2016,aza,non-responder,Good,14.67476304,24.34898299,12.35031951,no,,no,,BCBS,47459609
530481,Richard,Fraser,12/12/1973,M,W,5/18/2014,C93.1,4/16/2017,vorinostat,responder,Very Good,12.82819172,24.02184998,115.8460132,1,267A>T,0,,BCBS,22700668
532496,Gabrielle,May,4/24/1940,F,W,4/8/2010,C93.1,8/15/2016,vorinostat,responder,Poor,19.81100732,27.84201291,42.56652338,no,,yes,1223G>T,Cigna,49776610
547570,Joe,Parsons,10/18/1951,M,W,11/26/2011,C93.1,11/2/2016,vorinostat,non-responder,Intermediate,16.49053392,51.47324734,118.137024,0,,0,,BCBS,48767597
553376,Lisa,Bailey,1/4/1961,F,B,10/29/2013,C93.1,3/20/2016,azacitidine,non-responder,Good,4.784330882,37.32572908,104.6081371,1,471C>T,0,,BCBS,87269291
588452,William,Lewis,5/22/1941,M,W,4/22/2012,C93.1,3/9/2017,vorinostat,responder,Intermediate,9.13444779,51.40766879,139.5015071,1,887C>G,1,1479C>G,Cigna,13049744
617235,Robert,North,7/19/1937,M,B,5/9/2013,C93.1,11/3/2016,azacitidine,non-responder,Intermediate,3.680790566,33.76935909,169.5600972,0,,1,3949A>C,Cigna,77555421
626371,Stewart,MacDonald,10/18/1975,M,W,10/22/2010,C93.1,1/24/2016,DAC,non-responder,Intermediate,8.027930348,9.572653624,11.05059414,0,,0,,Anthem,73060647
634799,Michelle,Sanderson,5/16/1972,F,W,10/24/2012,C93.1,10/22/2016,azacitidine,non-responder,Very Poor,1.160240802,29.86776556,198.4434792,1,794A>T,0,,Anthem,47042483
660255,Maria,North,12/17/1942,F,W,7/14/2012,C93.1,3/19/2016,vorinostat,non-responder,Very Good,20.0381362,missing,missing,1,959C>A,0,,Aetna,41229891
668221,Ella,Miller,8/16/1933,F,H,3/13/2010,C93.1,5/19/2016,azacitidine,responder,Intermediate,4.810003823,39.06661642,37.80268384,0,,0,,Aetna,95914372
697658,Deirdre,Fisher,10/9/1944,F,W,2/8/2014,C93.1,11/24/2016,vorinostat,responder,Intermediate,11.9954649,5.1866635,165.2013889,no,,no,,BCBS,81421742
706273,Jennifer,Welch,1/25/1971,F,W,7/13/2014,C93.1,7/26/2016,decitabine,non-responder,Good,16.4255626,6.291942305,5.015394872,0,,0,,BCBS,88416332
744514,Lauren,Walker,11/19/1966,F,W,5/19/2014,C93.1,4/16/2017,decitabine,non-responder,Very Good,13.14006699,29.87718722,176.2390168,1,871T>A,0,,BCBS,35952493
755700,Emily,Johnston,9/18/1960,F,O,1/21/2014,C93.1,2/4/2016,azacitidine,responder,Intermediate,20.04676762,22.61673814,194.5477175,0,,0,,Cigna,96623293
779772,Audrey,Cameron,9/1/1957,F,W,10/24/2012,C93.1,2/27/2016,azacitidine,non-responder,Very Poor,15.62220136,35.04622411,120.7708715,0,,0,,BCBS,46946408
785287,William,Parr,5/22/1965,M,W,7/16/2011,C93.1,1/11/2017,vorinostat,responder,Poor,3.869808935,7.08243146,94.87850113,0,,0,,Aetna,47457632
794290,Vanessa,Cameron,9/22/1937,F,W,5/15/2012,C93.1,1/26/2017,decitabine,non-responder,Very Good,18.68641949,60.98493959,188.0477771,0,,0,,Anthem,78016855
821078,Grace,Randall,6/25/1957,F,W,7/7/2010,C93.1,10/3/2016,azacitidine,responder,Intermediate,2.65639807,28.69590985,32.97492471,1,374A>T,0,,BCBS,47870253
829727,Luke,Burgess,9/4/1941,M,W,8/22/2013,C93.1,4/25/2017,aza,responder,Poor,15.22375595,53.17298689,134.2297603,0,,0,,BCBS,18064123
886675,Diana,Bell,7/22/1936,F,H,8/6/2012,C93.1,11/16/2016,azacitidine,non-responder,Poor,16.21896626,22.24896028,119.7877561,0,,0,,Aetna,28429067
924165,Eric,Kerr,1/4/1949,M,W,4/29/2013,C93.1,11/22/2016,decitabine,non-responder,Poor,16.4904911,35.0261985,50.98897827,0,,0,,Anthem,96909035
929989,Nicola,Wilson,1/8/1979,F,W,9/17/2011,C93.1,5/14/2016,vorinostat,non-responder,Very Good,11.13552076,40.39056368,159.723674,0,,0,,BCBS,52703956
932260,Jessica,Hughes,8/22/1952,F,H,2/5/2010,C93.1,1/16/2016,vorinostat,responder,Good,15.29950762,61.67799106,135.4942458,1,328C>A,1,1627C>T,Anthem,27337995
976587,David,Vance,1/13/1978,M,W,12/22/2012,C93.1,10/8/2016,decitabine,responder,Very Poor,15.28417235,26.42166968,12.4933355,0,,0,,Anthem,93183719
